alvarez,a,m,29
alvarez,b,f,54
alvarez,c,f,25
alvarez,d,m,55
brito,a,m,29
brito,b,m,57
brito,c,f,58
brito,d,f,32
capillo,a,m,28
capillo,b,f,27
capillo,c,f,26
capillo,d,m,28
corvalan,a,m,27
corvalan,b,m,20
corvalan,c,f,53
corvalan,d,f,41
cotik,a,m,67
cotik,b,m,33
cotik,c,f,35
cotik,d,f,64
dellamerlina,a,f,28
dellamerlina,b,m,30
dellamerlina,c,m,56
dellamerlina,d,f,45
fernandez,a,m,22
fernandez,b,m,20
fernandez,c,f,60
fernandez,d,f,24
festini,a,m,26
festini,b,f,45
festini,c,f,41
festini,d,m,42
gandini,a,m,21
gandini,b,m,20
gandini,c,f,20
gandini,d,f,50
gonzalez,a,m,60
gonzalez,b,f,32
gonzalez,c,m,25
gonzalez,d,f,22
iglesias,a,f,57
iglesias,b,f,37
iglesias,c,m,34
iglesias,d,m,47
listingart,a,m,30
listingart,b,f,29
listingart,c,m,24
listingart,d,f,32
marino,a,m,64
marino,b,f,28
marino,c,m,24
marino,d,f,62
martinezc,a,m,25
martinezc,b,f,23
martinezc,c,m,42
martinezc,d,f,22
martinezf,a,f,49
martinezf,b,m,50
martinezf,c,f,25
martinezf,d,m,24
medina,a,m,22
medina,b,m,52
medina,c,f,52
medina,d,f,72
mustapic,a,f,33
mustapic,b,m,35
mustapic,c,m,34
mustapic,d,f,34
nuss,a,f,25
nuss,b,f,49
nuss,c,m,46
nuss,d,m,22
reparaz,a,m,27
reparaz,b,m,24
reparaz,c,f,21
reparaz,d,f,25
saudino,a,f,27
saudino,b,m,37
saudino,c,f,35
saudino,d,m,74
savoretti,a,f,27
savoretti,b,m,31
savoretti,c,m,30
savoretti,d,f,21
schinca,a,f,27
schinca,b,m,46
schinca,c,f,57
schinca,d,m,24
zajdband,a,m,56
zajdband,b,f,53
zajdband,c,m,21
zajdband,d,f,21
nahabedian,a,m,23
nahabedian,b,f,53
epszteyn,a,m,23
epszteyn,b,f,50
masseroli,a,m,22
masseroli,b,f,55
rosner,a,m,37
rosner,b,f,28
rosner,c,f,27
laporte,a,m,80
laporte,b,f,27
miguel,a,m,22
miguel,b,f,19
pasquini,a,m,22
pasquini,b,f,49
pisani,a,f,33
pisani,b,m,28
maffongelli,a,m,24
maffongelli,b,f,20
tamburri,a,f,20
tamburri,b,m,24
papagna,a,m,81
papagna,b,f,55
cassagne,a,m,63
cassagne,b,f,59
dengra,a,f,41
dengra,b,m,40
wesner,a,m,22
wesner,b,f,21
help,a,f,62
help,b,m,21
stricker,a,m,18
stricker,b,f,55
carrillo,a,m,25
carrillo,b,f,25
petaccio,a,m,52
petaccio,b,f,19
riera,a,f,20
riera,b,m,28
incem,a,m,23
incem,b,f,55
lovisolo,a,m,56
lovisolo,b,f,55
galvez,a,m,30
galvez,b,f,30
bugni,a,f,58
bugni,b,m,27
izcovich,a,m,20
izcovich,b,f,52
gauder,a,f,21
gauder,b,m,24
